Toothbrush,Bath Toiletries,2.9,BE0001BT0001,30
Toothbrush,Bath Toiletries,2.9,BE0001BT0001,30
Toothbrush,Bath Toiletries,2.9,BE0001BT0001,30
Toothbrush,Bath Toiletries,2.9,BE0001BT0001,30
Toothbrush,Bath Toiletries,2.9,BE0001BT0001,30
Toothbrush,Bath Toiletries,2.9,BE0001BT0001,30
Toothbrush,Bath Toiletries,2.9,BE0001BT0001,30
Toothbrush,Bath Toiletries,2.9,BE0001BT0001,30
Toothbrush,Bath Toiletries,2.9,BE0001BT0001,30
Toothbrush,Bath Toiletries,2.9,BE0001BT0001,30
Toothbrush,Bath Toiletries,2.9,BE0001BT0001,30
Toothbrush,Bath Toiletries,2.9,BE0001BT0001,30
Toothbrush,Bath Toiletries,2.9,BE0001BT0001,30
Toothbrush,Bath Toiletries,2.9,BE0001BT0001,30
Toothbrush,Bath Toiletries,2.9,BE0001BT0001,30
Toothbrush,Bath Toiletries,2.9,BE0001BT0001,30
Toothbrush,Bath Toiletries,2.9,BE0001BT0001,30
Toothbrush,Bath Toiletries,2.9,BE0001BT0001,30
Toothbrush,Bath Toiletries,2.9,BE0001BT0001,30
Toothbrush,Bath Toiletries,2.9,BE0001BT0001,30
Toothbrush,Bath Toiletries,2.9,BE0001BT0001,30
Toothbrush,Bath Toiletries,2.9,BE0001BT0001,30
